City,Cloudiness,Country,Date,Humidity,Lat,Lng,Max Temp (F),Wind Speed
hilo,90,US,1627242314,85,19.7297,-155.09,81.81,4.61
jamestown,40,US,1627242056,57,42.097,-79.2353,85.32,9.73
vaini,20,TO,1627242314,94,-21.2,-175.2,68.16,0.0
port alfred,58,ZA,1627242314,43,-33.5906,26.891,61.18,11.21
dikson,100,RU,1627242310,85,73.5069,80.5464,39.42,14.88
albany,60,US,1627242268,73,42.6001,-73.9662,84.85,1.01
te anau,100,NZ,1627242315,98,-45.4167,167.7167,44.53,1.57
lorengau,100,PG,1627242315,83,-2.0226,147.2712,78.66,8.66
katyuzhanka,58,UA,1627242315,73,50.806,30.1376,73.62,3.74
atuona,68,PF,1627242270,69,-9.8,-139.0333,77.97,22.95
coquimbo,0,CL,1627242107,63,-29.9533,-71.3436,60.53,12.66
beloha,61,MG,1627242316,67,-25.1667,45.05,62.35,11.34
praia da vitoria,75,PT,1627242316,88,38.7333,-27.0667,75.76,11.81
leningradskiy,100,RU,1627242316,90,69.3833,178.4167,37.8,4.65
new norfolk,47,AU,1627242317,67,-42.7826,147.0587,43.66,1.01
sitka,75,US,1627242317,77,57.0531,-135.33,57.09,0.0
bambous virieux,20,MU,1627242318,64,-20.3428,57.7575,70.05,12.66
bredasdorp,100,ZA,1627242318,87,-34.5322,20.0403,47.52,3.44
karratha,55,AU,1627242318,48,-20.7377,116.8463,69.03,5.95
barrow,90,US,1627242319,87,71.2906,-156.7887,44.62,10.36
hervey bay,3,AU,1627242319,62,-25.2986,152.8535,51.04,11.79
mabaruma,100,GY,1627242319,98,8.2,-59.7833,73.78,2.44
punta arenas,0,CL,1627242319,60,-53.15,-70.9167,41.11,14.97
ushuaia,75,AR,1627242320,87,-54.8,-68.3,35.26,25.32
mar del plata,90,AR,1627242320,58,-38.0023,-57.5575,55.42,5.99
arraial do cabo,0,BR,1627242321,64,-22.9661,-42.0278,75.16,21.85
vostok,100,RU,1627242321,87,46.4856,135.8833,66.11,3.4
la ronge,75,CA,1627242321,59,55.1001,-105.2842,66.45,3.44
laguna,1,US,1627242321,35,38.421,-121.4238,106.43,5.75
nanortalik,100,GL,1627242322,73,60.1432,-45.2371,45.12,13.76
teguldet,100,RU,1627242322,73,57.3064,88.1667,63.61,3.31
kartal,79,HU,1627242322,79,47.6713,19.542,79.18,3.22
nikolskoye,24,RU,1627242323,70,59.7035,30.7861,67.89,2.53
butaritari,92,KI,1627242305,74,3.0707,172.7902,82.08,11.12
aksarayskiy,9,RU,1627242323,31,46.7924,48.0119,76.98,6.49
puerto ayora,35,EC,1627242323,83,-0.7393,-90.3518,80.56,11.99
okoneshnikovo,25,RU,1627242324,93,54.8377,75.0834,63.12,15.26
busselton,8,AU,1627242278,65,-33.65,115.3333,58.08,20.58
bluff,100,NZ,1627242324,87,-46.6,168.3333,46.8,4.81
hithadhoo,87,MV,1627242324,75,-0.6,73.0833,80.6,4.0
amapa,98,BR,1627242325,83,1.0,-52.0,81.27,2.19
monster,75,NL,1627242325,80,52.0258,4.175,69.96,1.01
edgewater,75,US,1627242325,83,28.9889,-80.9023,91.0,10.36
saint-philippe,36,RE,1627242325,77,-21.3585,55.7679,69.35,11.92
rundu,0,NA,1627242326,49,-17.9333,19.7667,55.63,7.18
sokolovo,10,RU,1627242326,75,52.5318,84.7896,65.37,5.88
bubaque,100,GW,1627242326,81,11.2833,-15.8333,79.41,9.55
mindelo,20,CV,1627242327,61,16.8901,-24.9804,78.35,17.27
naze,100,JP,1627242327,88,28.3667,129.4833,77.86,16.15
koungou,0,YT,1627242327,65,-12.7336,45.2042,76.71,13.8
mazatlan,50,MX,1627242328,81,23.2167,-106.4167,87.91,8.01
norman wells,40,CA,1627242328,43,65.282,-126.8329,69.84,5.75
mataura,100,NZ,1627242274,92,-46.1927,168.8643,46.47,3.38
saint-francois,0,FR,1627242328,64,46.4154,3.9054,69.24,5.75
thompson,40,CA,1627242329,44,55.7435,-97.8558,60.96,12.66
port lincoln,100,AU,1627242142,82,-34.7333,135.8667,55.89,18.57
rikitea,38,PF,1627242329,67,-23.1203,-134.9692,70.65,6.42
lebu,39,CL,1627242329,88,-37.6167,-73.65,52.11,12.1
clyde river,90,CA,1627242329,100,70.4692,-68.5914,35.83,8.05
port moresby,75,PG,1627242330,94,-9.4431,147.1797,71.02,6.91
vila velha,20,BR,1627242330,53,-20.3297,-40.2925,77.97,10.36
avarua,75,CK,1627242330,94,-21.2078,-159.775,73.45,2.3
faanui,0,PF,1627242331,66,-16.4833,-151.75,78.01,12.86
mitchell,1,US,1627242049,40,43.7094,-98.0298,91.38,16.11
tiksi,100,RU,1627242331,81,71.6872,128.8694,48.25,6.38
saskylakh,85,RU,1627242115,68,71.9167,114.0833,55.15,13.8
bireun,100,ID,1627242331,82,5.203,96.7009,78.85,4.0
hermanus,100,ZA,1627242332,53,-34.4187,19.2345,63.9,9.73
port elizabeth,40,ZA,1627242295,87,-33.918,25.5701,50.29,3.44
east london,4,ZA,1627242332,46,-33.0153,27.9116,59.49,7.78
pangnirtung,90,CA,1627242332,100,66.1451,-65.7125,46.4,2.3
santarem,20,BR,1627242333,62,-2.4431,-54.7083,89.73,9.22
geraldton,0,AU,1627242333,93,-28.7667,114.6,46.81,12.66
matara,99,LK,1627242333,86,5.9485,80.5353,77.97,10.85
chuy,1,UY,1627242334,85,-33.6971,-53.4616,66.07,5.59
upernavik,12,GL,1627242334,81,72.7868,-56.1549,41.25,13.24
tasiilaq,50,GL,1627242083,85,65.6145,-37.6368,46.56,5.26
jalu,0,LY,1627242334,25,29.0331,21.5482,86.72,9.66
belaya gora,8,RU,1627242335,57,68.5333,146.4167,48.31,12.33
cayenne,75,GF,1627242039,90,4.9333,-52.3333,78.84,1.01
kota belud,48,MY,1627242335,79,6.351,116.4305,80.46,4.68
sorland,98,NO,1627242290,84,67.667,12.6934,51.87,6.38
bulgan,55,MN,1627242335,79,48.8125,103.5347,54.9,5.19
cabo san lucas,4,MX,1627242336,68,22.8909,-109.9124,98.51,8.59
bonavista,23,CA,1627242336,84,48.6499,-53.1147,64.4,12.08
kaitangata,100,NZ,1627242327,67,-46.2817,169.8464,48.92,3.02
nago,100,JP,1627242337,93,26.5881,127.9761,81.03,11.9
chapais,91,CA,1627242337,50,49.7834,-74.8492,65.98,8.93
talnakh,100,RU,1627242337,93,69.4865,88.3972,55.8,4.88
singaraja,17,ID,1627242337,70,-8.112,115.0882,75.38,2.62
qaanaaq,80,GL,1627242304,71,77.484,-69.3632,40.53,5.68
seoul,0,KR,1627242057,69,37.5683,126.9778,81.97,9.22
vila franca do campo,44,PT,1627242338,83,37.7167,-25.4333,72.01,7.27
broome,75,US,1627242338,66,42.2506,-75.833,85.69,1.01
torbay,75,CA,1627242338,86,47.6666,-52.7314,64.76,9.22
muros,7,ES,1627242320,69,42.7762,-9.0603,70.68,10.18
villarrica,9,PY,1627242339,29,-25.75,-56.4333,89.65,6.69
tautira,0,PF,1627242339,69,-17.7333,-149.15,80.62,10.42
kapaa,75,US,1627242339,80,22.0752,-159.319,82.72,3.0
hualmay,21,PE,1627242326,73,-11.0964,-77.6139,67.44,9.26
katsuura,56,JP,1627242340,83,35.1333,140.3,80.11,12.08
saint anthony,1,US,1627242340,25,45.0205,-93.218,93.29,3.0
yellowknife,40,CA,1627242340,51,62.456,-114.3525,62.33,1.01
maneadero,100,MX,1627242086,85,31.7167,-116.5667,76.19,1.01
khatanga,43,RU,1627242291,87,71.9667,102.5,48.83,6.46
ancud,33,CL,1627242341,60,-41.8697,-73.8203,49.53,10.54
kavieng,93,PG,1627242341,76,-2.5744,150.7967,81.0,3.51
esperance,2,AU,1627242341,86,-33.8667,121.9,51.64,17.6
mehamn,75,NO,1627242342,81,71.0357,27.8492,46.58,16.11
longyearbyen,75,SJ,1627242060,87,78.2186,15.6401,44.44,10.36
hobart,40,AU,1627242302,71,-42.8794,147.3294,44.02,4.0
cockburn town,40,TC,1627242163,70,21.4612,-71.1419,85.96,9.22
ponta do sol,1,PT,1627242342,80,32.6667,-17.1,79.0,4.38
inverness,20,GB,1627242282,88,57.4791,-4.224,64.98,9.22
flagstaff,20,US,1627242070,63,35.1981,-111.6513,74.55,8.99
inverell,0,AU,1627242343,78,-29.7833,151.1167,37.17,1.01
high rock,100,BS,1627242343,73,26.6208,-78.2833,86.02,11.01
sibi,2,PK,1627242248,24,29.5448,67.8764,105.4,8.61
lagoa,100,PT,1627242330,77,39.05,-27.9833,70.23,12.28
prado,9,BR,1627242343,73,-17.3411,-39.2208,71.96,9.19
satinka,61,RU,1627242343,57,52.3792,41.6819,63.1,4.45
kirkwall,8,GB,1627242344,94,58.9848,-2.9587,59.34,6.91
liverpool,0,GB,1627242316,74,53.4106,-2.9779,69.46,3.0
fortuna,1,US,1627242310,82,40.5982,-124.1573,91.42,12.66
kahului,40,US,1627242344,84,20.8947,-156.47,83.46,16.11
peniche,17,PT,1627242069,90,39.3558,-9.3811,71.73,10.04
asosa,100,ET,1627242345,98,10.0667,34.5333,59.02,2.28
cape town,0,ZA,1627242345,58,-33.9258,18.4232,64.11,3.44
kinango,0,KE,1627242345,82,-4.1372,39.3153,73.51,6.49
san vicente,25,AR,1627242345,37,-26.6167,-54.1333,78.44,5.32
jaciara,10,BR,1627242346,19,-15.9653,-54.9683,92.75,6.04
falmouth,11,GB,1627242346,92,50.1544,-5.0711,66.78,1.99
hasaki,10,JP,1627242346,79,35.7333,140.8333,75.6,15.75
saint-pierre,0,RE,1627242347,68,-21.3393,55.4781,69.44,9.22
mount isa,15,AU,1627242347,46,-20.7333,139.5,49.77,6.91
bengkulu,2,ID,1627242091,86,-3.8004,102.2655,74.48,5.41
makakilo city,40,US,1627242347,68,21.3469,-158.0858,84.52,10.36
corowa,100,AU,1627242348,97,-36.0333,146.3833,50.32,7.47
castro,2,BR,1627242092,61,-24.7911,-50.0119,65.03,3.85
krasnoarmeysk,3,RU,1627242348,61,51.0239,45.6969,68.29,3.27
kishtwar,100,IN,1627242348,96,33.3167,75.7667,73.2,2.13
ulagan,34,RU,1627242349,92,50.6321,87.9563,54.88,0.78
ilulissat,75,GL,1627242349,35,69.2167,-51.1,55.42,13.8
kiruna,20,SE,1627242349,82,67.8557,20.2251,56.32,3.44
husavik,100,IS,1627242349,64,66.0449,-17.3389,58.91,6.26
grindavik,90,IS,1627242350,87,63.8424,-22.4338,50.56,28.77
sao filipe,77,CV,1627242350,75,14.8961,-24.4956,74.35,9.51
uyovu,64,TZ,1627242350,37,-3.2833,31.5258,69.42,6.58
airai,76,TL,1627242351,52,-8.9266,125.4092,55.85,3.22
tocopilla,100,CL,1627242351,71,-22.092,-70.1979,63.86,9.8
riyadh,0,SA,1627242261,15,24.6877,46.7219,98.74,6.76
zharkovskiy,9,RU,1627242351,70,55.849,32.2697,60.53,2.48
pevek,100,RU,1627242306,91,69.7008,170.3133,34.88,8.63
sialkot,40,PK,1627242352,75,32.5101,74.5431,91.22,4.61
georgetown,20,MY,1627242352,90,5.4112,100.3354,83.89,0.0
axim,62,GH,1627242352,77,4.8699,-2.2405,75.99,7.72
hambantota,99,LK,1627242353,79,6.1241,81.1185,79.92,17.69
hamilton,40,US,1627242196,67,39.1834,-84.5333,91.22,3.0
codrington,73,AU,1627242353,94,-38.2667,141.9667,50.04,14.32
los llanos de aridane,20,ES,1627242353,78,28.6585,-17.9182,69.55,14.97
vestmannaeyjar,75,IS,1627242353,87,63.4427,-20.2734,52.79,20.71
qaqortoq,60,GL,1627242354,66,60.7167,-46.0333,59.5,5.82
touros,7,BR,1627242354,73,-5.1989,-35.4608,83.3,14.94
udachnyy,21,RU,1627242354,57,66.4167,112.4,69.94,9.01
poum,1,NC,1627242355,78,-20.2333,164.0167,72.32,17.25
lavrentiya,100,RU,1627242355,99,65.5833,-171.0,44.42,3.76
kota bahru,20,MY,1627242355,94,6.1333,102.2386,80.55,0.0
lata,57,PT,1627242356,96,40.1629,-8.3327,73.04,4.88
key west,75,US,1627242088,70,24.5557,-81.7826,89.6,6.91
tual,56,ID,1627242356,79,-5.6667,132.75,79.81,18.77
tank,0,PK,1627242356,32,32.2217,70.3793,101.93,2.91
mildmay,0,CA,1627242316,59,44.0501,-81.1164,82.35,3.0
tuktoyaktuk,90,CA,1627242357,100,69.4541,-133.0374,48.2,10.36
anadyr,90,RU,1627242357,100,64.75,177.4833,52.3,5.99
kamalpur,100,IN,1627242357,98,24.2,91.8333,76.44,3.51
grootfontein,0,NA,1627242358,47,-19.5667,18.1167,53.17,3.44
bathsheba,40,BB,1627242358,70,13.2167,-59.5167,86.61,14.97
kapit,97,MY,1627242358,99,2.0167,112.9333,74.43,0.6
middelburg,0,ZA,1627242359,46,-25.7751,29.4648,42.67,2.24
mount gambier,75,AU,1627242359,100,-37.8333,140.7667,49.91,11.5
nizhniy odes,100,RU,1627242359,84,63.6445,54.856,49.66,4.41
nantucket,90,US,1627242359,78,41.2835,-70.0995,71.71,17.27
wajid,100,SO,1627242360,61,3.8093,43.2471,73.83,22.7
sheridan,1,US,1627242293,20,44.8333,-106.9173,96.03,3.0
provideniya,90,RU,1627242360,100,64.3833,-173.3,46.51,4.47
lock haven,26,US,1627242360,49,41.137,-77.4469,91.96,5.44
saint-joseph,27,RE,1627242361,76,-21.3667,55.6167,68.36,12.15
havre-saint-pierre,1,CA,1627242361,57,50.2334,-63.5986,75.56,11.5
erenhot,100,CN,1627242361,72,43.6475,111.9767,63.25,21.32
mokhsogollokh,3,RU,1627242362,82,61.4681,128.9203,56.07,4.25
wenling,100,CN,1627242362,88,28.3669,121.36,78.66,16.28
kabwe,0,ZM,1627242362,52,-14.4469,28.4464,54.07,8.7
klaksvik,100,FO,1627242363,94,62.2266,-6.589,52.72,10.04
padang,33,ID,1627242363,86,-0.9492,100.3543,77.56,3.38
nishihara,75,JP,1627242363,94,26.1842,127.7558,80.26,11.5
boueni,70,YT,1627242364,63,-12.9025,45.0761,76.98,13.51
havoysund,100,NO,1627242364,74,70.9963,24.6622,47.28,7.45
yima,0,CN,1627242364,85,34.7381,111.8839,73.44,1.7
uarini,100,BR,1627242365,58,-2.99,-65.1083,87.75,1.45
port-gentil,75,GA,1627242154,78,-0.7193,8.7815,76.96,6.91
labuan,20,MY,1627242365,94,5.2767,115.2417,79.16,1.01
neiafu,40,TO,1627242365,94,-18.65,-173.9833,74.08,0.0
poya,7,NC,1627242365,90,-21.35,165.15,65.86,1.19
hami,0,CN,1627242366,19,42.8,93.45,85.69,8.93
xai-xai,22,MZ,1627242366,75,-25.0519,33.6442,61.18,6.38
aksu,0,CN,1627242366,26,41.1231,80.2644,85.26,2.8
tadepallegudem,93,IN,1627242367,79,16.8333,81.5,81.43,6.26
sandwick,0,GB,1627242367,88,60.0,-1.25,58.82,14.97
ruteng,30,ID,1627242367,52,-8.6136,120.4721,56.25,1.14
guerrero negro,85,MX,1627242367,56,27.9769,-114.0611,78.66,11.68
ostrovnoy,100,RU,1627242068,90,68.0531,39.5131,45.79,16.26
pacureti,0,RO,1627242368,84,45.15,26.1333,67.71,4.36
shimoda,9,JP,1627242368,87,34.6667,138.95,74.1,7.74
san patricio,0,US,1627242102,42,28.017,-97.5169,95.09,13.87
celestun,95,MX,1627242368,64,20.8667,-90.4,86.54,12.95
sorong,100,ID,1627242369,87,-0.8833,131.25,77.11,8.99
skjervoy,100,NO,1627242369,97,70.0311,20.9714,51.8,3.38
kerouane,100,GN,1627242369,94,9.2667,-9.0167,70.56,1.41
tiznit,0,MA,1627242370,36,29.5833,-9.5,80.24,4.09
erdenet,32,MN,1627242370,82,49.0333,104.0833,52.79,5.93
mporokoso,36,ZM,1627242370,58,-9.3727,30.125,53.26,9.48
buala,24,SB,1627242370,84,-8.145,159.5921,79.3,7.25
nemuro,0,JP,1627242371,92,43.3236,145.575,61.74,4.88
benalla,100,AU,1627242371,98,-36.55,145.9833,49.75,6.04
chimoio,75,MZ,1627242371,71,-19.1164,33.4833,57.06,5.57
the valley,75,AI,1627242372,84,18.217,-63.0578,84.81,17.27
komsomolskiy,0,UZ,1627242372,32,40.4272,71.7189,83.12,9.22
deputatskiy,5,RU,1627242372,71,69.3,139.9,46.22,3.04
dunedin,100,NZ,1627242133,84,-45.8742,170.5036,47.01,9.78
tuatapere,100,NZ,1627242373,95,-46.1333,167.6833,46.81,4.74
silao,8,MX,1627242373,36,20.9333,-101.4333,80.49,3.51
faya,100,SA,1627242373,78,18.3851,42.4509,66.31,4.76
samarai,100,PG,1627242374,78,-10.6167,150.6667,78.3,14.52
svetlaya,57,RU,1627242374,87,46.5389,138.3297,68.97,6.06
berlevag,75,NO,1627242374,87,70.8578,29.0864,46.4,23.02
voyvozh,46,RU,1627242375,88,62.892,54.9635,46.24,5.23
bowen,61,AU,1627242375,70,-20.0167,148.2333,41.22,6.13
olinda,75,BR,1627242375,88,-8.0089,-34.8553,73.13,14.97
henties bay,51,NA,1627242375,34,-22.116,14.2845,70.32,9.4
gat,1,IL,1627242376,78,31.61,34.7642,82.81,7.27
vao,54,NC,1627242376,70,-22.6667,167.4833,71.38,15.75
kodiak,90,US,1627242338,93,57.79,-152.4072,49.51,6.91
grabovo,64,RU,1627242376,62,53.3875,45.064,60.46,0.96
saldanha,100,ZA,1627242376,50,-33.0117,17.9442,59.05,12.41
port lavaca,1,US,1627242377,54,28.615,-96.6261,95.31,5.75
miri,20,MY,1627242377,94,4.4148,114.0089,82.54,2.3
eldorado,0,BR,1627242377,36,-23.7869,-54.2836,83.57,5.46
tahoua,87,NE,1627242105,54,14.8888,5.2692,87.22,4.47
erie,0,US,1627242378,69,42.7667,-78.6664,84.25,7.0
carutapera,99,BR,1627242113,73,-1.195,-46.02,81.16,8.19
ponta delgada,40,PT,1627242378,78,37.7333,-25.6667,72.32,14.97
villa maria,0,AR,1627242378,45,-32.4075,-63.2402,63.61,11.3
constitucion,26,CL,1627242378,86,-35.3333,-72.4167,53.65,9.13
bairnsdale,85,AU,1627242379,71,-37.8333,147.6167,53.71,1.01
narsaq,42,GL,1627242103,53,60.9167,-46.05,59.22,4.36
flinders,0,AU,1627242379,65,-34.5833,150.8552,55.26,5.01
carnarvon,0,AU,1627242380,74,-24.8667,113.6333,53.67,5.75
zyryanka,100,RU,1627242380,72,65.75,150.85,45.64,16.6
lompoc,40,US,1627242351,69,34.6391,-120.4579,87.01,4.0
wilkie,69,CA,1627242380,32,52.4168,-108.7014,62.98,10.04
kayes,100,ML,1627242380,65,14.0,-11.0,84.36,7.29
launceston,64,AU,1627242381,86,-41.45,147.1667,45.81,4.0
byron bay,0,AU,1627242381,60,-28.65,153.6167,48.7,5.73
abu zabad,100,SD,1627242381,75,12.35,29.25,77.59,9.66
londoko,100,RU,1627242382,99,49.0333,131.9833,67.98,3.49
warrnambool,92,AU,1627242382,91,-38.3833,142.4833,51.82,17.65
coihaique,40,CL,1627242172,53,-45.5752,-72.0662,44.55,5.75
victoria,16,HK,1627242140,83,22.2855,114.1577,86.38,1.01
iqaluit,75,CA,1627242382,93,63.7506,-68.5145,47.93,2.3
barao de melgaco,1,BR,1627242383,17,-16.1944,-55.9675,95.52,6.15
hegra,20,NO,1627242383,68,63.4644,11.114,69.71,2.3
nizhniye sergi,14,RU,1627242383,74,56.6614,59.3033,46.08,1.77
povenets,98,RU,1627242384,69,62.8487,34.8262,60.76,3.33
san andres,20,CO,1627242384,79,12.5847,-81.7006,86.02,12.66
callaway,1,US,1627242384,53,30.153,-85.5699,95.92,1.99
jizan,100,SA,1627242385,80,17.3333,42.6667,79.74,5.95
boa vista,75,BR,1627242385,55,2.8197,-60.6733,87.78,4.61
vanimo,100,PG,1627242385,81,-2.6741,141.3028,75.42,2.59
pyra,58,RU,1627242385,52,56.2953,43.3527,61.34,2.01
meiktila,100,MM,1627242386,89,20.8667,95.8667,75.96,10.6
panzhihua,76,CN,1627242386,91,26.5851,101.7128,68.72,1.52
ierapetra,0,GR,1627242387,72,35.01,25.7353,77.18,15.97
manzil salim,43,TN,1627242387,26,35.8567,8.4765,95.0,6.49
ilmenau,95,DE,1627242387,87,50.6833,10.9,68.67,5.03
komatipoort,5,ZA,1627242387,82,-25.4332,31.9548,58.05,2.89
sovetskaya gavan,71,RU,1627242388,95,48.9723,140.2878,67.46,3.0
jining,60,CN,1627242388,81,35.405,116.5814,74.43,3.47
alice springs,40,AU,1627242389,40,-23.7,133.8833,51.35,4.61
lithakia,0,GR,1627242389,50,37.7167,20.8333,79.88,1.14
grand gaube,8,MU,1627242389,60,-20.0064,57.6608,70.2,5.01
awbari,0,LY,1627242389,20,26.5921,12.7805,86.04,10.27
tarakan,86,ID,1627242390,80,3.3,117.6333,80.29,1.19
qui nhon,99,VN,1627242390,68,13.7667,109.2333,81.7,22.37
aquiraz,3,BR,1627242390,73,-3.9014,-38.3911,84.29,12.03
bunesti,21,RO,1627242391,50,46.8333,27.9667,72.84,3.6
saint-louis,45,SN,1627242107,49,16.3333,-15.0,100.04,22.01
ampanihy,50,MG,1627242391,70,-24.7,44.75,60.96,13.22
evensk,100,RU,1627242179,99,61.95,159.2333,48.63,7.23
avera,84,US,1627242391,50,33.194,-82.5271,91.71,4.41
haines junction,98,CA,1627242392,62,60.7522,-137.5108,57.15,1.14
carroll,1,US,1627242392,66,39.5501,-77.0164,91.72,5.99
asau,82,RO,1627242392,84,46.4333,26.4,70.75,2.59
ayan,90,RU,1627242392,94,56.45,138.1667,60.28,1.03
surab,24,PK,1627242393,41,28.4914,66.2585,82.56,3.27
jishou,0,CN,1627242393,90,28.3167,109.7167,73.83,1.43
chengdu,20,CN,1627242393,94,30.6667,104.0667,78.69,2.24
samfya,1,ZM,1627242394,52,-11.3649,29.5565,56.79,13.89
kapoeta,100,SS,1627242394,59,4.7717,33.5903,71.87,15.01
aasiaat,100,GL,1627242394,76,68.7098,-52.8699,40.06,12.08
cabedelo,2,BR,1627242395,79,-6.9811,-34.8339,79.47,13.69
katherine,75,AU,1627242395,77,-14.4667,132.2667,66.52,6.91
traverse city,20,US,1627242395,33,44.7631,-85.6206,87.87,11.5
palu,58,ID,1627242396,93,-0.8917,119.8707,73.98,3.09
bethel,75,US,1627242289,81,41.3712,-73.414,82.02,1.01
khandyga,63,RU,1627242103,94,62.6667,135.6,56.57,2.66
mackay,8,AU,1627242396,87,-21.15,149.2,52.05,4.61
cesis,13,LV,1627242396,70,57.3119,25.2746,66.72,2.68
puerto quijarro,0,BO,1627242397,20,-17.7833,-57.7667,97.39,7.2
kununurra,99,AU,1627242251,82,-15.7667,128.7333,58.98,4.61
weatherford,0,US,1627242397,40,32.7593,-97.7972,100.33,5.08
buraydah,3,SA,1627242397,13,26.326,43.975,102.65,10.71
micheweni,4,TZ,1627242397,72,-4.9667,39.8333,75.65,18.84
harindanga,100,IN,1627242398,81,22.0383,88.3214,84.18,6.53
chokurdakh,1,RU,1627242302,67,70.6333,147.9167,41.11,9.71
saint-georges,20,GD,1627242398,74,12.0564,-61.7485,85.68,17.27
casper,1,US,1627242398,17,42.8666,-106.3131,94.01,5.01
dingle,34,PH,1627242399,89,10.9995,122.6711,77.14,9.69
aguimes,20,ES,1627242399,66,27.9054,-15.4461,72.23,25.32
saint george,6,US,1627242399,34,37.1041,-113.5841,99.63,1.01
mmabatho,0,ZA,1627242400,56,-25.85,25.6333,40.96,3.44
batticaloa,100,LK,1627242400,73,7.7102,81.6924,81.72,8.19
port blair,100,IN,1627242400,86,11.6667,92.75,82.17,16.6
cherskiy,23,RU,1627242400,63,68.75,161.3,45.93,7.2
baherden,0,TM,1627242401,29,38.4362,57.4316,95.22,8.57
amherst,1,US,1627242210,64,41.3978,-82.2224,89.01,1.99
sadiqabad,100,PK,1627242401,40,28.3062,70.1307,99.54,17.98
lasa,67,IT,1627242401,89,46.6166,10.7002,65.28,2.28
namibe,0,AO,1627242402,87,-15.1961,12.1522,66.6,4.92
luderitz,100,NA,1627242109,23,-26.6481,15.1594,67.35,4.76
goundam,14,ML,1627242402,36,16.4145,-3.6708,95.7,4.45
namatanai,95,PG,1627242402,84,-3.6667,152.4333,78.44,1.72
nkwerre,46,NG,1627242403,79,5.7556,7.1063,73.06,4.59
la asuncion,100,VE,1627242312,76,11.0333,-63.8628,81.05,6.51
kavaratti,100,IN,1627242403,79,10.5669,72.642,81.0,21.61
maragogi,19,BR,1627242403,86,-9.0122,-35.2225,74.55,13.42
chifeng,100,CN,1627242159,79,42.2683,118.9636,73.56,6.13
san quintin,100,MX,1627242404,84,30.4833,-115.95,68.38,9.06
ewa beach,40,US,1627242404,67,21.3156,-158.0072,85.95,15.99
turukhansk,19,RU,1627242404,76,65.8167,87.9833,63.48,5.41
itambacuri,0,BR,1627242405,55,-18.0311,-41.685,72.23,9.04
beringovskiy,100,RU,1627242405,90,63.05,179.3167,51.76,1.61
caravelas,29,BR,1627242405,71,-17.7125,-39.2481,71.06,7.83
tarko-sale,100,RU,1627242405,88,64.9225,77.785,59.34,6.13
moerai,81,PF,1627242406,80,-22.4333,-151.3333,73.24,8.12
mocuba,71,MZ,1627242406,82,-16.8392,36.9856,61.18,5.41
portland,1,US,1627242167,47,45.5234,-122.6762,88.63,1.01
matata,100,NZ,1627242406,89,-37.8833,176.75,58.84,18.54
nouadhibou,8,MR,1627242407,88,20.931,-17.0347,71.58,20.71
talara,0,PE,1627242407,73,-4.5772,-81.2719,77.76,14.97
alekseyevsk,87,RU,1627242407,69,57.8406,108.3492,61.23,3.62
swellendam,100,ZA,1627242407,35,-34.0226,20.4417,46.78,6.53
valdivia,63,CL,1627242408,85,-39.8142,-73.2459,50.09,4.56
fez,0,MA,1627242224,36,34.0372,-4.9998,80.85,10.36
puerto lempira,100,HN,1627242408,67,15.2667,-83.7667,84.67,8.61
labuhan,47,ID,1627242409,83,-6.8844,112.2051,72.81,7.47
batemans bay,4,AU,1627242409,62,-35.7167,150.1833,52.2,8.28
alibag,100,IN,1627242409,88,18.6411,72.8792,82.47,19.89
gogaran,87,AM,1627242409,96,40.8926,44.1992,64.24,5.91
necochea,100,AR,1627242410,83,-38.5473,-58.7368,50.04,18.01
chancay,16,PE,1627242410,74,-11.5714,-77.2672,66.07,8.79
chernyshevskiy,25,RU,1627242410,64,63.0128,112.4714,60.24,1.83
urumqi,0,CN,1627242135,26,43.801,87.6005,79.75,6.71
souillac,20,MU,1627242411,64,-20.5167,57.5167,70.18,12.66
yumen,4,CN,1627242411,33,40.2833,97.2,76.3,10.07
stornoway,75,GB,1627242411,94,58.2093,-6.3865,57.92,10.36
yar-sale,51,RU,1627242412,84,66.8333,70.8333,45.52,9.1
luanda,0,AO,1627242188,83,-8.8368,13.2343,71.6,6.91
kaoma,0,ZM,1627242412,45,-14.7833,24.8,54.88,8.08
allapalli,22,IN,1627242412,92,19.4167,80.0667,76.42,4.09
richards bay,0,ZA,1627242413,83,-28.783,32.0377,57.54,6.87
port hedland,95,AU,1627242413,82,-20.3167,118.5667,59.05,5.75
najran,90,SA,1627242133,30,17.4924,44.1277,86.65,4.34
kruisfontein,70,ZA,1627242414,37,-34.0033,24.7314,54.28,5.91
oktyabrskiy,2,RU,1627242414,60,54.4815,53.471,51.13,2.42
koumac,5,NC,1627242414,86,-20.5667,164.2833,68.27,9.24
thanh hoa,98,VN,1627242414,93,19.8,105.7667,78.06,3.96
hanzhong,58,CN,1627242415,92,33.0728,107.0303,71.58,0.65
noumea,66,NC,1627242415,99,-22.2763,166.4572,69.01,6.73
garden city,20,US,1627242415,38,42.3256,-83.331,90.81,10.36
guantanamo,96,CU,1627242416,54,20.1444,-75.2092,87.37,11.16
guajara,86,BR,1627242416,32,-2.9667,-57.6667,95.22,3.69
paraiso,100,CR,1627242416,92,9.8383,-83.8656,73.42,2.93
general jose eduvigis diaz,100,PY,1627242417,35,-27.1667,-58.4167,92.05,5.75
uruacu,0,BR,1627242417,21,-14.5247,-49.1408,86.65,0.34
oranjemund,100,NA,1627242417,23,-28.55,16.4333,66.18,5.97
gunjur,40,GM,1627242418,65,13.2019,-16.7339,84.27,8.05
venice,20,US,1627242418,66,27.0998,-82.4543,95.23,12.66
severo-yeniseyskiy,21,RU,1627242418,67,60.3725,93.0408,61.81,3.89
vitim,9,RU,1627242216,69,59.4511,112.5578,59.88,2.62
half moon bay,20,US,1627242419,66,37.4636,-122.4286,90.12,1.99
sinnamary,63,GF,1627242419,77,5.3833,-52.95,81.19,6.02
mahebourg,20,MU,1627242419,64,-20.4081,57.7,70.09,12.66
zhireken,100,RU,1627242420,92,52.8249,117.3076,55.9,3.67
hay river,40,CA,1627242193,51,60.8156,-115.7999,60.78,6.91
pangai,20,TO,1627242123,94,-19.8,-174.35,71.71,2.3
colwyn bay,5,GB,1627242420,76,53.2948,-3.7267,66.27,0.85
bud,35,US,1627242421,73,39.447,-86.1758,88.18,3.22
zhigansk,38,RU,1627242421,66,66.7697,123.3711,58.62,8.61
olafsvik,72,IS,1627242147,91,64.8945,-23.7142,49.75,17.34
jieshi,14,CN,1627242421,82,22.8134,115.8257,85.95,11.63
coxim,0,BR,1627242422,19,-18.5067,-54.76,94.55,11.3
cidreira,0,BR,1627242422,67,-30.1811,-50.2056,68.14,10.83
pangoa,26,PE,1627242187,38,-12.1167,-73.0,87.71,4.38
uvinza,12,TZ,1627242423,63,-5.1036,30.3911,65.86,2.68
pineville,20,US,1627242423,58,31.3224,-92.4343,95.29,6.91
umm kaddadah,94,SD,1627242423,43,13.6017,26.6876,88.63,18.1
kaeo,32,NZ,1627242424,96,-35.1,173.7833,56.32,9.42
ribeira grande,20,PT,1627242424,78,38.5167,-28.7,73.8,4.61
macon,20,US,1627242424,62,39.8667,-88.9668,89.65,9.22
takaka,100,NZ,1627242425,93,-40.85,172.8,54.55,16.26
lyubech,49,UA,1627242425,73,51.7026,30.6569,65.55,3.18
klyuchi,51,RU,1627242425,56,52.2667,79.1667,70.9,7.27
otane,100,NZ,1627242426,89,-39.8833,176.6333,54.01,12.73
nurota,0,UZ,1627242226,16,40.5614,65.6886,89.69,15.48
havre,90,FR,1627242426,94,49.5833,0.3333,64.83,8.05
anloga,10,GH,1627242426,80,5.7947,0.8973,77.22,14.29
solnechnyy,100,RU,1627242151,76,50.7214,136.6319,72.41,1.99
camacha,40,PT,1627242427,78,33.0833,-16.3333,75.52,12.66
waingapu,7,ID,1627242427,72,-9.6567,120.2641,71.28,3.31
sao felix do xingu,77,BR,1627242427,23,-6.6447,-51.995,94.64,4.63
malpura,99,IN,1627242428,65,26.2833,75.3833,87.55,6.42
adrar,17,MR,1627242411,7,20.5022,-10.0711,100.99,8.79
korla,0,CN,1627242428,13,41.7597,86.1469,86.58,8.01
okhotsk,100,RU,1627242185,98,59.3833,143.3,55.99,3.4
teixoso,6,PT,1627242429,86,40.3145,-7.4576,75.2,5.75
moree,3,AU,1627242429,87,-29.4667,149.85,37.42,4.61
lhokseumawe,92,ID,1627242429,84,5.1801,97.1507,79.92,2.68
dzaoudzi,0,YT,1627242429,65,-12.7887,45.2699,76.89,13.8
leh,98,IN,1627242430,42,34.1667,77.5833,72.48,7.0
emmett,0,US,1627242201,8,43.8735,-116.4993,97.48,5.39
blois,60,FR,1627242430,85,47.5833,1.3333,66.78,6.76
asahikawa,27,JP,1627242431,93,43.7678,142.3703,71.01,2.55
belturbet,7,IE,1627242410,75,54.1,-7.45,64.33,4.52
luena,0,AO,1627242432,47,-11.7833,19.9167,56.34,5.86
havdrup,99,DK,1627242432,68,55.5448,12.1239,71.8,11.5
batagay-alyta,74,RU,1627242136,66,67.8006,130.4114,58.24,1.68
zemio,100,CF,1627242433,97,5.0314,25.1361,69.04,2.17
naryan-mar,46,RU,1627242433,88,67.6713,53.087,40.71,12.93
surgut,75,RU,1627242433,100,61.25,73.4167,59.18,6.71
dera bugti,58,PK,1627242262,34,29.0307,69.151,97.99,8.25
sharjah,33,AE,1627242363,34,25.3573,55.4033,100.69,1.14
limbang,99,MY,1627242434,97,4.75,115.0,79.11,2.26
saint-augustin,9,CA,1627242434,54,51.226,-58.6502,72.68,20.92
mogadishu,91,SO,1627242434,77,2.0371,45.3438,76.55,20.45
segou,96,ML,1627242434,52,13.4317,-6.2157,87.4,6.62
tottori,5,JP,1627242435,81,35.5,134.2333,74.08,7.99
mattru,100,SL,1627242435,93,7.6244,-11.8332,73.22,2.68
barkot,100,IN,1627242435,98,30.8167,78.2,74.1,0.27
menongue,0,AO,1627242435,44,-14.6585,17.691,55.36,5.93
nelson bay,0,AU,1627242436,65,-32.7167,152.15,55.76,3.0
denpasar,20,ID,1627242436,88,-8.65,115.2167,73.06,1.14
fairview,75,US,1627242316,68,40.8126,-73.999,87.31,3.44
lodwar,100,KE,1627242436,47,3.1191,35.5973,78.51,8.86
rio gallegos,40,AR,1627242437,56,-51.6226,-69.2181,41.05,23.02
borovskoy,48,KZ,1627242437,82,53.8,64.15,55.17,8.48
pierre,1,US,1627242437,33,44.3683,-100.351,101.98,4.0
tinaquillo,100,VE,1627242438,94,9.9186,-68.3047,74.59,1.5
gao,10,ML,1627242438,38,16.6362,1.637,93.67,9.51
amazar,98,RU,1627242438,94,53.858,120.875,58.78,4.45
phalaborwa,94,ZA,1627242438,49,-23.943,31.1411,54.68,5.17
merritt island,75,US,1627242439,79,28.5392,-80.672,94.26,12.66
lima,90,PE,1627242145,68,-12.0432,-77.0282,64.65,5.75
nyurba,6,RU,1627242439,76,63.2842,118.3319,61.99,4.88
mackenzie,90,CA,1627242317,67,55.2999,-123.1698,62.82,10.36
hofn,100,IS,1627242439,94,64.2539,-15.2082,52.02,19.93
cap-aux-meules,20,CA,1627242440,72,47.3821,-61.8597,66.25,12.66
shahreza,1,IR,1627242440,16,32.0339,51.8794,78.64,4.21
ahipara,14,NZ,1627242440,91,-35.1667,173.1667,57.36,10.92
biak,65,ID,1627242441,83,-0.9131,122.8766,74.55,5.61
gainesville,40,US,1627242441,56,29.6516,-82.3248,92.57,5.75
derbent,0,RU,1627242441,67,42.0678,48.2899,77.54,7.0
iwanai,34,JP,1627242442,96,42.9744,140.5089,68.29,5.77
heinola,89,FI,1627242442,60,61.2056,26.0381,69.89,4.47
patnos,0,TR,1627242442,26,39.2336,42.8634,70.23,0.18
san policarpo,18,PH,1627242442,81,12.1791,125.5072,79.47,7.07
boras,92,SE,1627242443,53,57.721,12.9401,71.69,8.25
cuernavaca,40,MX,1627242443,39,18.9167,-99.25,84.47,0.0
ambilobe,63,MG,1627242443,84,-13.2,49.05,64.18,3.47
nikel,93,RU,1627242444,75,69.4128,30.222,48.38,12.68
synya,90,RU,1627242444,98,65.3718,58.0387,46.0,3.94
bezlyudivka,0,UA,1627242445,43,49.8718,36.2952,72.03,8.99
tselinnoye,13,RU,1627242161,85,53.0833,85.6667,64.98,6.17
xam nua,100,LA,1627242445,100,20.4197,104.0439,68.11,1.36
caucaia,0,BR,1627242446,71,-3.7361,-38.6531,84.15,13.8
wuwei,99,CN,1627242446,34,37.9281,102.6414,73.08,6.08
jardim,0,BR,1627242447,23,-21.4803,-56.1381,92.26,8.95
pacific grove,20,US,1627242447,80,36.6177,-121.9166,84.81,7.0
boyolangu,43,ID,1627242447,92,-8.1181,111.8935,69.8,1.28
bijar,5,IR,1627242448,21,35.8668,47.6051,77.81,5.64
nacimiento,100,CL,1627242448,94,-37.5,-72.6667,50.77,6.71
galle,93,LK,1627242448,86,6.0367,80.217,78.39,13.2
nabire,100,ID,1627242449,87,-3.3667,135.4833,75.88,3.51
ibra,75,OM,1627242449,41,22.6906,58.5334,92.1,3.91
college,75,US,1627242449,57,64.8569,-147.8028,64.0,9.22
ruhengeri,100,RW,1627242449,63,-1.4998,29.635,63.09,2.64
anupgarh,6,IN,1627242450,41,29.1911,73.2086,99.09,13.24
luwingu,1,ZM,1627242450,66,-10.2621,29.9271,49.26,4.65
salalah,75,OM,1627242450,83,17.0151,54.0924,80.69,6.91
rawson,25,AR,1627242451,38,-43.3002,-65.1023,51.44,18.88
acapulco,40,MX,1627242424,74,16.8634,-99.8901,87.62,9.22
seymchan,100,RU,1627242451,95,62.8833,152.4333,57.92,6.91
terney,100,RU,1627242451,92,45.0503,136.6092,69.73,3.69
bani,54,DO,1627242451,63,18.2833,-70.3333,90.84,10.25
qianan,100,CN,1627242452,97,44.9932,124.0581,72.46,6.98
kisangani,58,CD,1627242452,65,0.5167,25.2,76.75,1.86
dovers,100,VC,1627242453,80,12.8833,-61.1833,83.79,13.0
novopavlovka,24,RU,1627242453,86,51.2172,109.2091,53.65,4.03
ereymentau,9,KZ,1627242453,84,51.6199,73.1033,63.73,13.98
miranda de ebro,87,ES,1627242453,88,42.6865,-2.947,67.59,3.18
inhambane,100,MZ,1627242454,68,-23.865,35.3833,65.46,11.65
paamiut,82,GL,1627242454,73,61.994,-49.6678,44.29,5.59
bonthe,100,SL,1627242454,80,7.5264,-12.505,76.95,7.25
general roca,76,AR,1627242455,45,-39.0333,-67.5833,57.6,18.01
taguatinga,1,BR,1627242455,23,-12.3857,-46.5711,89.73,5.03
kisanga,0,TZ,1627242455,50,-7.4362,37.7034,68.09,4.72
smolenskoye,6,RU,1627242455,72,52.3044,85.0781,65.7,6.2
kiambu,75,KE,1627242456,72,-1.1667,36.8333,63.99,0.0
houma,16,US,1627242392,78,29.5958,-90.7195,96.01,3.0
fare,2,PF,1627242456,65,-16.7,-151.0167,77.76,12.35
juegang,100,CN,1627242391,93,32.3174,121.1855,78.4,33.15
kropotkin,1,RU,1627242457,50,45.4375,40.5756,73.98,8.84
bereda,60,ES,1627242457,92,43.2686,-7.5406,64.58,3.18
talcahuano,90,CL,1627242458,93,-36.7167,-73.1167,51.48,3.44
kenora,40,CA,1627242458,34,49.8167,-94.4337,81.79,12.66
sao joao da barra,0,BR,1627242458,68,-21.6403,-41.0511,77.09,15.48
coahuayana,72,MX,1627242458,64,18.7333,-103.6833,90.88,6.02
nakonde,3,ZM,1627242459,88,-9.3421,32.745,45.55,7.78
stokmarknes,87,NO,1627242459,89,68.5646,14.9108,57.51,3.62
dakar,20,SN,1627242459,74,14.6937,-17.4441,83.28,6.91
kijang,100,KR,1627242404,88,35.2442,129.2139,80.33,6.67
mareeba,100,AU,1627242460,85,-17.0,145.4333,59.72,2.28
aloja,1,LV,1627242460,76,57.7669,24.8825,66.96,4.38
nueva germania,63,PY,1627242460,24,-23.9,-56.5667,92.34,7.07
uruguaiana,0,BR,1627242461,48,-29.7547,-57.0883,84.13,11.5
kuryk,0,KZ,1627242241,33,43.2,51.65,86.61,17.78
vetlanda,94,SE,1627242461,82,57.4289,15.0776,69.67,5.19
karpogory,27,RU,1627242461,93,64.0019,44.4451,44.53,2.39
hastings,64,GB,1627242462,95,50.8552,0.5729,65.71,2.57
vilhena,0,BR,1627242462,37,-12.7406,-60.1458,88.02,5.75
mulchen,100,CL,1627242462,91,-37.7167,-72.2333,49.86,6.38
anamur,1,TR,1627242463,58,36.0751,32.8369,82.42,9.75
dongsheng,100,CN,1627242463,75,39.8161,109.9776,69.58,12.06
mahanoro,100,MG,1627242463,91,-19.9,48.8,62.92,10.49
santa isabel do rio negro,99,BR,1627242463,94,-0.4139,-65.0192,77.38,3.49
isangel,100,VU,1627242464,87,-19.55,169.2667,75.0,12.8
yulara,5,AU,1627242464,57,-25.2406,130.9889,46.24,4.61
kaputa,59,ZM,1627242386,52,-8.4689,29.6619,64.65,10.4
betare oya,100,CM,1627242464,96,5.6,14.0833,66.9,2.39
salinopolis,92,BR,1627242465,73,-0.6136,-47.3561,82.47,10.51
zheleznodorozhnyy,100,RU,1627242465,47,55.7503,38.0042,68.14,3.2
